{
    "baseline": {
        "coefficients": [
            0.1932654512439883,
            -0.15422920717190614,
            -0.3103471083096047,
            0.3154456215687275,
            0.1386901194018009,
            -0.17249845567254485,
            -0.27512459578019927,
            0.2057423862550343,
            0.038675405235647234,
            -1.0095547944744578,
            -0.3663248696250288,
            0.2336579314405709,
            0.17207735603677662,
            -0.12158258800214262,
            -0.3274125261872911,
            0.18268236164845653,
            0.04956057508418446,
            -0.16660344849146425
        ],
        "intercept": 0.5241382713706122
    },
    "advanced": {
        "feature_importance": [
            0.048377295983108165,
            0.06429462344770356,
            0.06048591884286639,
            0.04915409226184792,
            0.05378346572834543,
            0.06460293221142872,
            0.05405379464474882,
            0.05224727780194624,
            0.03766010936466163,
            0.06367183623057883,
            0.05310996210400699,
            0.048844596963792314,
            0.05418001089743706,
            0.06442989402830822,
            0.058852447456592814,
            0.05219542033226616,
            0.055313916917147266,
            0.06474240478321343
        ],
        "description": "Random Forest Weights"
    }
}