{"x_wins": {"coefficients": [0.09498130164575755, -0.09988397778240332, -0.35868873966044185, 0.26298471774455123, 0.10078090814195922, -0.23701478760036834, -0.3449655084862486, 0.20726734490857637, 0.038007216603949075, -0.9813474856580717, -0.4472451267638162, 0.14126620821817726, 0.16536085960318395, -0.1654538566878094, -0.38888641342322006, 0.10572457923905339, 0.20379073185835528, -0.17040751286222786], "intercept": 0.6599361783112832}, "is_draw": {"coefficients": [-0.10899704886147771, -0.037900153115440864, 0.2635121148969123, -0.0972954582360018, -0.06507732042165086, 0.1034500600073031, 0.19759712822084666, -0.17102368026481332, 0.22702303039274824, 0.8857309845347271, 0.30178259119326145, 0.007473247966989643, -0.12254757021824071, -0.005038513651895303, 0.25800213340463946, -0.0004758926736085469, -0.19082690439907035, 0.07554755964070656], "intercept": -0.5153000970079561}}